"First Name","Last Name","Age","Experience (Years)"
"Tess","Hall","22","1"
"Miley","Reed","21","4"
"Aiden","Grant","18","7"
"Amber","Hamilton","21","4"
"Lucas","Riley","30","1"
"Maya","Howard","22","2"
"Amanda","Ross","20","0"
"Hailey","Grant","28","0"
"Belinda","Higgins","25","10"
"Emma","Turner","25","1"
"Kate","Davis","22","1"
"Kimberly","Baker","28","2"
"Daisy","Baker","19","6"
"Michelle","Elliott","27","8"
"Sydney","Brown","18","7"
"Briony","Ross","29","9"
"Walter","Ryan","28","4"
"Rafael","Williams","27","1"
"Adrianna","Mitchell","21","8"
"Charlotte","Stevens","20","4"
"Savana","Cameron","26","0"
"Sawyer","Howard","20","5"
"Daniel","Murphy","21","4"
"Fiona","Bennett","21","6"
"Oliver","Taylor","30","6"
"Florrie","Brown","22","0"
"Roman","Armstrong","21","8"
"Ashton","Hunt","22","10"
"Gianna","Morgan","20","6"
"Leonardo","Jones","28","3"
"Frederick","Morgan","29","10"
"Sabrina","Parker","23","10"
"James","Tucker","30","2"
"Tara","Dixon","30","7"
"Kate","Bennett","25","10"
"Belinda","Casey","19","0"
"Alexander","Sullivan","19","9"
"Ted","Owens","23","11"
"Ryan","Wells","24","6"
"Anna","Crawford","25","10"
"Lilianna","Smith","30","2"
"Frederick","Grant","22","11"
"Valeria","Tucker","22","3"
"Fenton","Nelson","30","14"
"Byron","Scott","28","13"
"Sofia","Wells","22","9"
"Roland","Hall","23","2"
"Michelle","Johnston","21","3"
"Alisa","Davis","24","0"
"John","Dixon","23","6"
"Anna","Rogers","21","1"
"Kimberly","Higgins","20","6"
"Victoria","Hawkins","29","0"
"John","Robinson","22","10"
"Roman","Miller","28","10"
"Dexter","Johnston","18","4"
"Sabrina","Thomas","30","13"
"Elise","Hill","21","10"
"Lydia","Watson","24","12"
"Aston","Murray","19","6"
"Jordan","Carroll","26","1"
"Adrian","Stewart","19","8"
"Tess","Elliott","25","11"
"Valeria","Holmes","20","10"
"Annabella","Anderson","25","4"
"Lucy","Stevens","20","5"
"Agata","Walker","23","1"
"Lilianna","Campbell","27","6"
"Stella","Smith","19","1"
"Gianna","Owens","30","0"
"Lily","Farrell","26","5"
"Ellia","Tucker","20","0"
"Maximilian","Reed","25","1"
"Agata","Edwards","25","2"
"Olivia","Mitchell","30","1"
"Henry","Moore","27","4"
"Alberta","Phillips","28","6"
"Eleanor","Davis","24","2"
"Grace","Grant","28","0"
"Edith","Taylor","28","12"
"Arianna","Brown","28","8"
"Max","Watson","18","8"
"Tiana","Richards","27","11"
"Hailey","Carter","20","5"
"William","Walker","18","0"
"Alina","Hamilton","22","2"
"Chloe","Carter","25","4"
"Aida","Tucker","18","0"
"Maddie","Sullivan","23","10"
"Ryan","Carter","30","13"
"Penelope","Farrell","25","5"
"Darcy","Kelly","27","4"
"Cadie","Miller","27","4"
"Kelsey","Owens","30","1"
"Adrianna","Jones","25","2"
"Nicholas","Evans","20","5"
"Jack","Lloyd","24","0"
"Chloe","Cunningham","18","1"
"Eleanor","Phillips","23","11"
"Vivian","Reed","27","1"
